{"x":24.73232078552246,"y":3.1000003814697267,"z":-20.28074836730957}